ID,resname,resid,x_1,y_1,z_1
6ZDU_C_1,G,1,80.06600189208984,55.7760009765625,24.84600067138672
6ZDU_C_2,G,2,85.76899719238281,55.19100189208984,26.68199920654297
6ZDU_C_3,C,3,90.0250015258789,52.7130012512207,30.020999908447266
6ZDU_C_4,A,4,91.45600128173828,48.4739990234375,32.36899948120117
6ZDU_C_5,A,5,90.58799743652344,42.73799896240234,34.68000030517578
6ZDU_C_6,G,6,88.30599975585938,38.24800109863281,33.930999755859375
6ZDU_C_7,G,7,84.88300323486328,35.28900146484375,31.090999603271484
6ZDU_C_8,G,8,81.83899688720703,33.0880012512207,27.04199981689453
6ZDU_C_9,C,9,81.5260009765625,30.871000289916992,21.9950008392334
6ZDU_C_10,U,10,84.09700012207031,27.645999908447266,18.61800003051757
6ZDU_C_11,U,11,89.16300201416016,24.097999572753903,17.667999267578125
6ZDU_C_12,C,12,92.90299987792967,20.77199935913086,19.062000274658203
6ZDU_C_13,C,13,94.95600128173828,17.820999145507812,22.964000701904297
6ZDU_C_14,C,14,95.1510009765625,14.94200038909912,27.58799934387207
6ZDU_C_15,G,15,92.9000015258789,11.612000465393066,30.97900009155273
6ZDU_C_16,A,16,88.26200103759766,8.321000099182129,31.00900077819824
6ZDU_C_17,A,17,85.96499633789062,2.928999900817871,28.992000579833984
6ZDU_C_18,U,18,77.68599700927734,5.836999893188477,32.500999450683594
6ZDU_C_19,U,19,84.0199966430664,7.611000061035156,37.36899948120117
6ZDU_C_20,G,20,88.51200103759766,15.517999649047852,33.94300079345703
6ZDU_C_21,U,21,89.90599822998047,21.20199966430664,41.03900146484375
6ZDU_C_22,G,22,93.7490005493164,18.55299949645996,33.59600067138672
6ZDU_C_23,G,23,97.3239974975586,21.054000854492188,29.459999084472656
6ZDU_C_24,A,24,97.46600341796876,24.23500061035156,24.55599975585937
6ZDU_C_25,U,25,96.572998046875,27.334999084472656,20.238000869750977
6ZDU_C_26,A,26,94.93000030517578,30.733999252319336,16.937000274658203
6ZDU_C_27,G,27,89.76100158691406,33.00199890136719,16.009000778198242
6ZDU_C_28,U,28,85.47100067138672,35.334999084472656,17.77899932861328
6ZDU_C_29,U,29,82.54100036621094,37.80500030517578,21.22699928283692
6ZDU_C_30,C,30,81.00199890136719,39.86299896240234,26.340999603271484
6ZDU_C_31,A,31,74.40699768066406,42.28400039672852,30.19599914550781
6ZDU_C_32,A,32,70.85800170898438,40.571998596191406,29.663000106811523
6ZDU_C_33,U,33,67.1780014038086,35.92599868774414,29.69499969482422
6ZDU_C_34,A,34,62.35499954223633,34.2599983215332,31.0939998626709
6ZDU_C_35,C,35,57.619998931884766,35.597999572753906,32.867000579833984
6ZDU_C_36,U,36,54.178001403808594,39.499000549316406,33.05699920654297
6ZDU_C_37,C,37,51.50899887084961,44.22499847412109,32.4109992980957
6ZDU_C_38,G,38,51.35300064086914,47.70100021362305,28.405000686645508
6ZDU_C_39,A,39,50.762001037597656,52.97499847412109,25.85400009155273
6ZDU_C_40,A,40,49.61000061035156,57.16899871826172,23.09000015258789
6ZDU_C_41,A,41,45.49700164794922,58.45500183105469,16.100000381469727
6ZDU_C_42,A,42,38.680999755859375,58.63999938964844,14.602999687194824
6ZDU_C_43,A,43,35.15399932861328,56.47800064086914,19.18899917602539
6ZDU_C_44,A,44,34.71699905395508,52.06600189208984,21.6259994506836
6ZDU_C_45,U,45,33.6609992980957,46.948001861572266,23.15699958801269
6ZDU_C_46,U,46,37.58599853515625,44.180999755859375,23.211000442504883
6ZDU_C_47,G,47,43.53300094604492,40.45800018310547,24.32999992370605
6ZDU_C_48,G,48,45.91400146484375,34.98899841308594,24.57299995422364
6ZDU_C_49,A,49,45.4109992980957,33.47800064086914,19.535999298095703
6ZDU_C_50,A,50,50.15900039672852,34.8380012512207,17.398000717163086
6ZDU_C_51,G,51,50.90700149536133,42.85699844360352,21.604999542236328
6ZDU_C_52,U,52,55.71099853515625,47.93999862670898,20.14999961853028
6ZDU_C_53,A,53,57.75899887084961,52.1870002746582,23.299999237060547
6ZDU_C_54,G,54,57.81600189208984,51.70500183105469,28.415000915527344
6ZDU_C_55,G,55,57.08100128173828,49.527000427246094,33.48600006103516
6ZDU_C_56,G,56,56.900001525878906,45.39599990844727,37.38600158691406
6ZDU_C_57,U,57,58.89799880981445,40.72299957275391,39.44200134277344
6ZDU_C_58,A,58,62.4370002746582,36.4739990234375,39.51100158691406
6ZDU_C_59,U,59,67.41000366210938,35.42499923706055,38.21699905395508
6ZDU_C_60,G,60,72.13400268554688,38.03300094604492,36.75699996948242
6ZDU_C_61,U,61,75.46700286865234,42.19599914550781,35.68600082397461
6ZDU_C_62,U,62,84.95500183105469,43.00600051879883,36.61199951171875
6ZDU_C_63,G,63,88.91899871826172,47.06700134277344,38.696998596191406
6ZDU_C_64,C,64,89.69100189208984,52.04800033569336,37.22600173950195
6ZDU_C_65,C,65,88.072998046875,57.685001373291016,35.632999420166016
